variavel,A_media,A_dp,A_med,B_media,B_dp,B_med,C_media,C_dp,C_med,D_media,D_dp,D_med,kruskal_p,significativo
age,84.55,6.4,87.0,70.21,17.99,73.0,69.35,18.0,72.0,56.1,15.9,59.0,0.0,Sim
heart_rate,89.35,24.19,88.1,90.82,23.88,90.8,89.98,23.7,90.0,97.95,24.73,100.6,0.0002,Sim
resp_rate,21.08,7.62,21.15,18.3,7.29,16.6,20.07,8.19,18.8,18.92,7.74,17.5,0.0,Sim
spo2,95.22,3.14,95.5,95.56,3.33,95.8,95.44,3.22,95.5,96.05,3.31,96.4,0.0029,Sim
sbp,117.42,19.95,117.5,121.52,20.94,120.5,120.48,19.63,119.3,120.42,19.72,118.9,0.0441,Sim
lactate,2.91,2.5,2.42,2.45,2.82,1.81,1.52,1.52,0.94,2.0,1.47,1.75,0.0,Sim
creatinine,1.27,1.28,1.04,1.77,1.72,1.41,2.6,1.86,1.92,0.81,0.41,0.79,0.0,Sim
bilirubin,0.75,0.6,0.57,4.1,5.92,2.73,0.46,0.42,0.2,0.55,0.47,0.21,0.0,Sim
platelet,212.02,148.79,206.5,218.79,150.55,205.8,218.65,150.29,216.4,226.85,154.46,228.4,0.6999,Não
potassium,4.26,0.67,4.21,4.24,0.65,4.22,4.17,0.7,4.17,4.23,0.6,4.22,0.1802,Não
severity_score_raw,5.59,1.74,6.0,6.35,2.01,6.0,4.98,1.78,5.0,3.16,1.5,3.0,0.0,Sim
