feature_set,algoritmo,k_solicitado,silhouette,davies_bouldin,calinski_harabasz,n_clusters_efetivos,pct_menor_cluster,cluster_sizes,balance_score,seymour_k_bonus,cs_sil,cs_db,cs_ch,composite_score,boot_mean,boot_std,boot_ci_lo,boot_ci_hi
A_Originais,KMeans,3,0.7683,0.4212,2995.63,3,7.6,"{np.int64(0): 1144, np.int64(1): 112, np.int64(2): 104}",0.076,0.0,1.0,0.9853264104090135,0.5327354723155453,0.5765456029291345,0.7677,0.0078,0.7489,0.7811
C_Hibrido,KMeans,3,0.7573,0.4347,2873.88,3,7.6,"{np.int64(0): 1144, np.int64(1): 112, np.int64(2): 104}",0.076,0.0,0.9856752181273604,0.984402897777413,0.511059004502652,0.5691444738563525,0.7567,0.008,0.738,0.7701
A_Originais,Agglomerative,3,0.7468,0.4931,2749.88,3,9.0,"{np.int64(0): 134, np.int64(1): 122, np.int64(2): 1104}",0.09,0.0,0.972001562703477,0.9804078505414521,0.48898194488212815,0.5648691743813051,0.7404,0.0134,0.7183,0.7666
A_Originais,HDBSCAN,-1,0.7597,0.3411,5620.11,3,3.9,"{np.int64(0): 41, np.int64(1): 41, np.int64(2): 965}",0.039,0.0,0.9888006250813909,0.9908059186898435,1.0,0.557621308754247,,,,
A_Originais,KMeans,5,0.7069,0.4764,3623.45,5,3.8,"{np.int64(0): 51, np.int64(1): 1077, np.int64(2): 59, np.int64(3): 82, np.int64(4): 91}",0.038,0.0,0.9200416720927204,0.9815502698709134,0.6445130495006846,0.5575253458178295,0.6913,0.0291,0.6036,0.7249
A_Originais,KMeans,4,0.7125,0.4524,3028.01,4,4.3,"{np.int64(0): 1108, np.int64(1): 59, np.int64(2): 102, np.int64(3): 91}",0.043,0.05,0.9273342883187916,0.98319207010487,0.5385004335293563,0.5541203367141359,0.7084,0.0182,0.6618,0.7346
C_Hibrido,Agglomerative,3,0.7312,0.4725,2567.17,3,6.3,"{np.int64(0): 1142, np.int64(1): 86, np.int64(2): 132}",0.063,0.0,0.9516864175022789,0.9818170624089314,0.45645210969449984,0.5469785124364172,0.7291,0.0166,0.7038,0.7651
C_Hibrido,KMeans,4,0.6946,0.4714,2856.14,4,4.3,"{np.int64(0): 1108, np.int64(1): 59, np.int64(2): 102, np.int64(3): 91}",0.043,0.05,0.9040239614533142,0.9818923115863211,0.5079005606504898,0.5428283387055005,0.6906,0.0197,0.6393,0.7187
C_Hibrido,KMeans,5,0.6873,0.4953,3320.29,5,3.8,"{np.int64(0): 1077, np.int64(1): 59, np.int64(2): 51, np.int64(3): 91, np.int64(4): 82}",0.038,0.0,0.8945175153014716,0.9802573521866726,0.5905381995445717,0.5421157034293146,0.6718,0.0282,0.5967,0.7053
A_Originais,Agglomerative,4,0.6685,0.5133,2664.15,4,4.6,"{np.int64(0): 122, np.int64(1): 72, np.int64(2): 1104, np.int64(3): 62}",0.046,0.05,0.8700351608282328,0.9790260020112053,0.47371850680739014,0.5317600085889962,0.6959,0.0257,0.6499,0.7376
A_Originais,Agglomerative,5,0.6675,0.4956,3049.24,5,3.1,"{np.int64(0): 1104, np.int64(1): 72, np.int64(2): 80, np.int64(3): 62, np.int64(4): 42}",0.031,0.0,0.8687329079307201,0.9802368296837483,0.542280239785354,0.46043598349069675,,,,
C_Hibrido,Agglomerative,4,0.6408,0.5483,2441.85,4,5.1,"{np.int64(0): 132, np.int64(1): 86, np.int64(2): 1072, np.int64(3): 70}",0.051,0.05,0.8339627555671312,0.976631710003352,0.4341400362134994,0.4500398985461216,,,,
C_Hibrido,Agglomerative,5,0.6266,0.5659,2867.47,5,4.4,"{np.int64(0): 86, np.int64(1): 72, np.int64(2): 1072, np.int64(3): 70, np.int64(4): 60}",0.044000000000000004,0.0,0.8154707644224509,0.9754277231651172,0.5099177629529136,0.4478673619604507,,,,
A_Originais,Agglomerative,2,0.7323,0.4937,1255.81,2,9.0,"{np.int64(0): 1238, np.int64(1): 122}",0.09,0.0,0.9531188956895429,0.9803668055356031,0.22297652175925678,0.44714361850891776,,,,
A_Originais,KMeans,2,0.7315,0.4968,1255.89,2,9.0,"{np.int64(0): 1237, np.int64(1): 123}",0.09,0.0,0.9520770933715328,0.9801547396720504,0.2229907650235281,0.4468949813622459,,,,
C_Hibrido,Agglomerative,6,0.6317,0.5628,2890.34,6,3.1,"{np.int64(0): 1072, np.int64(1): 72, np.int64(2): 44, np.int64(3): 70, np.int64(4): 60, np.int64(5): 42}",0.031,0.0,0.8221122541997656,0.97563978902867,0.5139895561264731,0.445948842064658,,,,
C_Hibrido,KMeans,2,0.7218,0.5059,1237.22,2,9.0,"{np.int64(0): 1237, np.int64(1): 123}",0.09,0.0,0.9394452402656596,0.9795322237500086,0.21966674322421212,0.44374550428676546,,,,
C_Hibrido,Agglomerative,2,0.7437,0.385,1137.51,2,6.3,"{np.int64(0): 1274, np.int64(1): 86}",0.063,0.0,0.9679645787211877,0.9878027924285646,0.2019142947180635,0.44034061843766004,,,,
A_Originais,KMeans,7,0.5047,0.6244,3756.05,7,3.2,"{np.int64(0): 931, np.int64(1): 46, np.int64(2): 50, np.int64(3): 69, np.int64(4): 67, np.int64(5): 43, np.int64(6): 154}",0.032,0.0,0.6567261362156531,0.9714258350948481,0.6681212600303739,0.43544858326665636,,,,
A_Originais,KMeans,6,0.499,0.616,3642.51,6,3.7,"{np.int64(0): 942, np.int64(1): 59, np.int64(2): 50, np.int64(3): 87, np.int64(4): 67, np.int64(5): 155}",0.037000000000000005,0.0,0.6493032946998306,0.972000465176733,0.6479065072133232,0.4325467280573112,,,,
A_Originais,KMeans,8,0.4807,0.6489,3727.28,8,2.6,"{np.int64(0): 56, np.int64(1): 921, np.int64(2): 46, np.int64(3): 36, np.int64(4): 43, np.int64(5): 35, np.int64(6): 69, np.int64(7): 154}",0.026000000000000002,0.0,0.6254720666753484,0.9697498306893508,0.6629990261168055,0.42629423339046063,,,,
C_Hibrido,HDBSCAN,-1,0.7599,0.2067,688.15,2,3.1,"{np.int64(0): 41, np.int64(1): 1268}",0.031,0.0,0.9890610756608934,1.0,0.12190987930613939,0.42539869702809957,,,,
C_Hibrido,KMeans,6,0.495,0.6416,3270.94,6,3.5,"{np.int64(0): 961, np.int64(1): 59, np.int64(2): 48, np.int64(3): 87, np.int64(4): 58, np.int64(5): 147}",0.035,0.0,0.6440942831097799,0.970249211593846,0.5817518858972099,0.42063148182530674,,,,
C_Hibrido,KMeans,7,0.4631,0.6744,3301.3,7,3.2,"{np.int64(0): 931, np.int64(1): 50, np.int64(2): 43, np.int64(3): 154, np.int64(4): 46, np.int64(5): 69, np.int64(6): 67}",0.032,0.0,0.6025524156791249,0.9680054179407721,0.5871572046881705,0.41178514742720496,,,,
A_Originais,Agglomerative,7,0.4807,0.7027,3083.81,7,2.5,"{np.int64(0): 963, np.int64(1): 62, np.int64(2): 80, np.int64(3): 38, np.int64(4): 42, np.int64(5): 141, np.int64(6): 34}",0.025,0.0,0.6254720666753484,0.966069461831565,0.548435110358592,0.4080735722551715,,,,
A_Originais,Agglomerative,6,0.4786,0.7156,3023.84,6,3.1,"{np.int64(0): 72, np.int64(1): 963, np.int64(2): 80, np.int64(3): 62, np.int64(4): 42, np.int64(5): 141}",0.031,0.0,0.6227373355905717,0.9651869942058133,0.5377580033792145,0.4075485664661591,,,,
C_Hibrido,KMeans,8,0.437,0.7006,3217.89,8,2.6,"{np.int64(0): 921, np.int64(1): 43, np.int64(2): 36, np.int64(3): 56, np.int64(4): 69, np.int64(5): 154, np.int64(6): 46, np.int64(7): 35}",0.026000000000000002,0.0,0.5685636150540435,0.9662131193520361,0.5723068212773004,0.400601370072811,,,,
C_Hibrido,Agglomerative,8,0.4106,0.7081,3162.94,8,2.5,"{np.int64(0): 911, np.int64(1): 70, np.int64(2): 44, np.int64(3): 38, np.int64(4): 60, np.int64(5): 42, np.int64(6): 161, np.int64(7): 34}",0.025,0.0,0.5341841385597083,0.9657000567789248,0.5625234791309472,0.39185536093736867,,,,
A_Originais,Agglomerative,8,0.4017,0.7555,3134.78,8,2.5,"{np.int64(0): 80, np.int64(1): 62, np.int64(2): 141, np.int64(3): 38, np.int64(4): 42, np.int64(5): 792, np.int64(6): 34, np.int64(7): 171}",0.025,0.0,0.5225940877718452,0.9624575013168606,0.5575098501074477,0.3881367953338583,,,,
C_Hibrido,Agglomerative,7,0.408,0.72,2927.98,7,3.1,"{np.int64(0): 72, np.int64(1): 911, np.int64(2): 44, np.int64(3): 70, np.int64(4): 60, np.int64(5): 42, np.int64(6): 161}",0.031,0.0,0.5307982810261752,0.9648859974962547,0.5206910119661224,0.38654050749940433,,,,
B_Derivadas,KMeans,2,0.214,1.8805,329.23,2,32.7,"{np.int64(0): 915, np.int64(1): 445}",0.327,0.0,0.27816121890871204,0.8854981153501481,0.05800747415292637,0.339532987974711,,,,
B_Derivadas,GMM,2,0.214,1.8805,329.23,2,32.7,"{np.int64(0): 915, np.int64(1): 445}",0.327,0.0,0.27816121890871204,0.8854981153501481,0.05800747415292637,0.339532987974711,,,,
B_Derivadas,Agglomerative,2,0.2253,1.7689,311.1,2,24.9,"{np.int64(0): 1021, np.int64(1): 339}",0.249,0.0,0.2928766766506055,0.893132486438046,0.05477959438744172,0.3201187717758466,,,,
B_Derivadas,KMeans,4,0.1875,1.5781,305.84,4,21.2,"{np.int64(0): 388, np.int64(1): 289, np.int64(2): 328, np.int64(3): 355}",0.212,0.05,0.24365151712462557,0.9061847982980005,0.05384309976160336,0.3091437280487657,,,,
B_Derivadas,KMeans,3,0.1962,1.7305,326.79,3,22.0,"{np.int64(0): 545, np.int64(1): 299, np.int64(2): 516}",0.22,0.0,0.25498111733298606,0.8957593668123764,0.05757305459265155,0.30478405501797023,,,,
B_Derivadas,Agglomerative,3,0.1454,2.1021,258.1,3,24.9,"{np.int64(0): 587, np.int64(1): 339, np.int64(2): 434}",0.249,0.0,0.18882667013934104,0.8703388265232828,0.0453434318077017,0.29333461410368006,,,,
B_Derivadas,GMM,3,0.1327,2.0742,215.85,3,21.5,"{np.int64(0): 293, np.int64(1): 428, np.int64(2): 639}",0.215,0.0,0.1722880583409298,0.8722474192952573,0.03782120786441837,0.27908027670690017,,,,
B_Derivadas,KMeans,5,0.1844,1.6046,270.85,5,14.3,"{np.int64(0): 328, np.int64(1): 230, np.int64(2): 194, np.int64(3): 322, np.int64(4): 286}",0.14300000000000002,0.0,0.23961453314233622,0.9043719772063401,0.04761345205094104,0.2788393198773764,,,,
B_Derivadas,Agglomerative,4,0.1458,1.7815,247.35,4,15.4,"{np.int64(0): 377, np.int64(1): 339, np.int64(2): 434, np.int64(3): 210}",0.154,0.05,0.18934757129834615,0.8922705413152188,0.04342949317124499,0.27653804649839975,,,,
B_Derivadas,KMeans,7,0.1731,1.6785,238.19,7,11.0,"{np.int64(0): 203, np.int64(1): 218, np.int64(2): 152, np.int64(3): 149, np.int64(4): 298, np.int64(5): 152, np.int64(6): 188}",0.11,0.0,0.22489907540044274,0.8993166006526156,0.04179863941218049,0.2641129311224388,,,,
B_Derivadas,KMeans,6,0.1764,1.8124,247.64,6,11.0,"{np.int64(0): 309, np.int64(1): 235, np.int64(2): 150, np.int64(3): 208, np.int64(4): 149, np.int64(5): 309}",0.11,0.0,0.22919650996223465,0.8901567235139998,0.043481125004228474,0.26339281544588117,,,,
B_Derivadas,Agglomerative,5,0.1385,1.6355,225.8,5,12.7,"{np.int64(0): 434, np.int64(1): 339, np.int64(2): 204, np.int64(3): 210, np.int64(4): 173}",0.127,0.0,0.17984112514650344,0.9022581594051211,0.03959271385816202,0.2604587639890492,,,,
B_Derivadas,Agglomerative,6,0.1375,1.6519,216.61,6,12.7,"{np.int64(0): 339, np.int64(1): 210, np.int64(2): 204, np.int64(3): 254, np.int64(4): 173, np.int64(5): 180}",0.127,0.0,0.17853887224899076,0.9011362625785841,0.03795651887499578,0.25972850479676435,,,,
B_Derivadas,KMeans,8,0.1756,1.8749,219.63,8,9.2,"{np.int64(0): 203, np.int64(1): 152, np.int64(2): 175, np.int64(3): 126, np.int64(4): 212, np.int64(5): 125, np.int64(6): 150, np.int64(7): 217}",0.092,0.0,0.2281547076442245,0.8858812020714046,0.038494202101237565,0.2561813122583115,,,,
B_Derivadas,GMM,5,0.1411,1.8389,194.54,5,10.4,"{np.int64(0): 315, np.int64(1): 293, np.int64(2): 153, np.int64(3): 457, np.int64(4): 142}",0.10400000000000001,0.0,0.18322698268003645,0.8883439024223394,0.034027158344149315,0.25061825077209754,,,,
B_Derivadas,HDBSCAN,-1,0.1958,1.7051,151.1,13,4.7,"{np.int64(0): 137, np.int64(1): 46, np.int64(2): 97, np.int64(3): 71, np.int64(4): 88, np.int64(5): 46, np.int64(6): 101, np.int64(7): 68, np.int64(8): 107, np.int64(9): 51, np.int64(10): 64, np.int64(11): 62, np.int64(12): 50}",0.047,0.0,0.25446021617398096,0.897496938726647,0.02629306584483032,0.24843539085685015,,,,
B_Derivadas,GMM,6,0.1271,1.8562,192.34,6,10.4,"{np.int64(0): 293, np.int64(1): 270, np.int64(2): 142, np.int64(3): 153, np.int64(4): 187, np.int64(5): 315}",0.10400000000000001,0.0,0.16499544211485867,0.887160438087029,0.033635468576688414,0.2466764963268808,,,,
B_Derivadas,Agglomerative,7,0.1442,1.7643,209.98,7,7.9,"{np.int64(0): 231, np.int64(1): 210, np.int64(2): 204, np.int64(3): 254, np.int64(4): 173, np.int64(5): 180, np.int64(6): 108}",0.079,0.0,0.1872639666623258,0.893447164816221,0.03677610834851131,0.2453586425479861,,,,
B_Derivadas,DBSCAN,-1,0.1965,1.0856,29.6,2,1.8,"{np.int64(0): 930, np.int64(1): 17}",0.018000000000000002,0.0,0.25537179320223985,0.9398759072656502,0.00466110823278479,0.24514870632849575,,,,
B_Derivadas,Agglomerative,8,0.1416,1.795,195.62,8,6.9,"{np.int64(0): 204, np.int64(1): 210, np.int64(2): 180, np.int64(3): 254, np.int64(4): 173, np.int64(5): 137, np.int64(6): 108, np.int64(7): 94}",0.069,0.0,0.1838781091287928,0.8913470286836183,0.03421944241181194,0.24087794392425402,,,,
B_Derivadas,GMM,4,0.1448,2.3678,229.88,4,5.5,"{np.int64(0): 539, np.int64(1): 75, np.int64(2): 464, np.int64(3): 282}",0.055,0.05,0.18804531840083344,0.8521627297665224,0.04031912033599861,0.23808947768387095,,,,
B_Derivadas,GMM,7,0.1285,2.0072,163.63,7,3.3,"{np.int64(0): 88, np.int64(1): 246, np.int64(2): 240, np.int64(3): 377, np.int64(4): 139, np.int64(5): 45, np.int64(6): 225}",0.033,0.0,0.16681859617137645,0.8768307782817193,0.028523917111323578,0.2229084624573177,,,,
C_Hibrido,GMM,2,0.1949,4.7604,11.01,2,11.4,"{np.int64(0): 1205, np.int64(1): 155}",0.114,0.0,0.25328818856621954,0.6884889281096722,0.0013513296977401281,0.2227581227898394,,,,
B_Derivadas,GMM,8,0.0941,2.1774,122.99,8,2.9,"{np.int64(0): 291, np.int64(1): 225, np.int64(2): 416, np.int64(3): 163, np.int64(4): 99, np.int64(5): 77, np.int64(6): 40, np.int64(7): 49}",0.028999999999999998,0.0,0.12202109649693971,0.8651876782892441,0.021288338861500278,0.2093350057864618,,,,
A_Originais,GMM,2,0.132,5.6871,8.23,2,15.6,"{np.int64(0): 1148, np.int64(1): 212}",0.156,0.0,0.17137648131267091,0.6250949165760256,0.0008563762643122552,0.20622273601738614,,,,
C_Hibrido,GMM,6,0.0704,4.0522,183.66,6,2.1,"{np.int64(0): 624, np.int64(1): 28, np.int64(2): 196, np.int64(3): 287, np.int64(4): 53, np.int64(5): 172}",0.021,0.0,0.0911577028258888,0.7369357166800063,0.03209007440325174,0.1767321950616668,,,,
A_Originais,GMM,7,0.1033,5.4128,120.84,7,1.3,"{np.int64(0): 71, np.int64(1): 426, np.int64(2): 29, np.int64(3): 607, np.int64(4): 187, np.int64(5): 18, np.int64(6): 22}",0.013000000000000001,0.0,0.1340018231540565,0.6438593250832871,0.02090555113420894,0.16260806231760008,,,,
A_Originais,GMM,8,0.0861,5.8394,339.44,8,2.1,"{np.int64(0): 606, np.int64(1): 29, np.int64(2): 67, np.int64(3): 52, np.int64(4): 91, np.int64(5): 407, np.int64(6): 49, np.int64(7): 59}",0.021,0.0,0.11160307331683812,0.6146763259247097,0.05982527075555176,0.16052967046164232,,,,
A_Originais,GMM,5,0.1022,7.3071,98.75,5,2.0,"{np.int64(0): 542, np.int64(1): 77, np.int64(2): 107, np.int64(3): 607, np.int64(4): 27}",0.02,0.0,0.13256934496679254,0.5142734007839596,0.016972629787294653,0.13791444361824462,,,,
C_Hibrido,GMM,8,0.0035,6.6163,154.64,8,2.1,"{np.int64(0): 48, np.int64(1): 29, np.int64(2): 112, np.int64(3): 45, np.int64(4): 85, np.int64(5): 139, np.int64(6): 621, np.int64(7): 281}",0.021,0.0,0.00403698398228936,0.5615298841846752,0.026923330288835597,0.12345187317671827,,,,
A_Originais,GMM,4,0.1076,9.4376,137.95,4,2.1,"{np.int64(0): 607, np.int64(1): 28, np.int64(2): 154, np.int64(3): 571}",0.021,0.05,0.13960151061336112,0.36852942584877646,0.023951829280234448,0.11901896168446269,,,,
C_Hibrido,GMM,5,0.1116,9.0587,108.45,5,2.1,"{np.int64(0): 623, np.int64(1): 28, np.int64(2): 110, np.int64(3): 523, np.int64(4): 76}",0.021,0.0,0.1448105222034119,0.39444934704236523,0.01869962558019047,0.116956917686184,,,,
A_Originais,GMM,6,0.0984,9.2077,84.12,6,2.1,"{np.int64(0): 189, np.int64(1): 28, np.int64(2): 607, np.int64(3): 107, np.int64(4): 389, np.int64(5): 40}",0.021,0.0,0.1276207839562443,0.3842565039232184,0.014367892833679624,0.1108306415009445,,,,
A_Originais,GMM,3,0.0985,11.3138,5.35,3,11.5,"{np.int64(0): 607, np.int64(1): 597, np.int64(2): 156}",0.115,0.0,0.12775100924599558,0.2401816925592245,0.00034361875054524994,0.1081380831736258,,,,
C_Hibrido,GMM,3,0.1089,13.9844,4.38,3,9.0,"{np.int64(0): 624, np.int64(1): 613, np.int64(2): 123}",0.09,0.0,0.14129443938012762,0.05749037152571124,0.00017091917125566837,0.06678260005685613,,,,
C_Hibrido,GMM,7,0.0004,10.8695,73.39,7,2.1,"{np.int64(0): 622, np.int64(1): 126, np.int64(2): 29, np.int64(3): 53, np.int64(4): 231, np.int64(5): 87, np.int64(6): 212}",0.021,0.0,0.0,0.27057551939034485,0.012457515013290746,0.06228373113006259,,,,
C_Hibrido,GMM,4,0.1079,14.8248,3.42,4,7.4,"{np.int64(0): 625, np.int64(1): 227, np.int64(2): 407, np.int64(3): 101}",0.07400000000000001,0.05,0.1399921864826149,0.0,0.0,0.05769843729652299,,,,
